{"cameraMode":{"drawMode":0,"name":"Shaded","section":"Shading Mode"},"sceneLighting":false,"audioPlay":false,"sceneViewState":{"showFog":true,"showMaterialUpdate":false,"showSkybox":false,"showFlares":true,"showImageEffects":true,"showParticleSystems":true},"in2DMode":false,"pivot":{"x":2.581846237182617,"y":5.150285720825195,"z":7.765224456787109},"rotation":{"x":-0.09805747866630554,"y":0.5059456825256348,"z":-0.058306340128183368,"w":-0.8551859259605408},"size":9.871838569641114,"orthographic":false}