{"cameraMode":{"drawMode":0,"name":"Shaded","section":"Shading Mode"},"sceneLighting":false,"audioPlay":false,"sceneViewState":{"showFog":true,"showMaterialUpdate":false,"showSkybox":false,"showFlares":true,"showImageEffects":true,"showParticleSystems":true},"in2DMode":false,"pivot":{"x":0.10078795254230499,"y":0.28203898668289187,"z":0.04825401306152344},"rotation":{"x":-0.2728310227394104,"y":-0.009237340651452542,"z":0.0026184560265392067,"w":-0.9621473550796509},"size":2.9019522666931154,"orthographic":false}