{"cameraMode":{"drawMode":24,"name":"Light Overlap","section":"Baked Global Illumination"},"sceneLighting":true,"audioPlay":false,"sceneViewState":{"showFog":true,"showMaterialUpdate":false,"showSkybox":true,"showFlares":true,"showImageEffects":true,"showParticleSystems":true},"in2DMode":false,"pivot":{"x":-14.645057678222657,"y":-1.8387322425842286,"z":-25.953975677490236},"rotation":{"x":0.4619129002094269,"y":-0.008548174053430558,"z":0.002267756499350071,"w":0.8872227072715759},"size":5.204398155212402,"orthographic":false}