{"cameraMode":{"drawMode":0,"name":"Shaded","section":"Shading Mode"},"sceneLighting":false,"audioPlay":false,"sceneViewState":{"showFog":true,"showMaterialUpdate":false,"showSkybox":false,"showFlares":true,"showImageEffects":true,"showParticleSystems":true},"in2DMode":false,"pivot":{"x":5.960464477539063e-8,"y":0.4999989867210388,"z":1.1920928955078126e-7},"rotation":{"x":-0.1355341374874115,"y":-0.40067240595817568,"z":0.06012920290231705,"w":-0.9042260050773621},"size":0.8660247921943665,"orthographic":false}