{"cameraMode":{"drawMode":0,"name":"Shaded","section":"Shading Mode"},"sceneLighting":false,"audioPlay":false,"sceneViewState":{"showFog":true,"showMaterialUpdate":false,"showSkybox":false,"showFlares":true,"showImageEffects":true,"showParticleSystems":true},"in2DMode":false,"pivot":{"x":0.6848618984222412,"y":-0.7188258171081543,"z":1.7167713642120362},"rotation":{"x":-0.09403060376644135,"y":-0.905420184135437,"z":0.2759569585323334,"w":-0.3088158071041107},"size":4.207955837249756,"orthographic":false}