{"cameraMode":{"drawMode":0,"name":"Shaded","section":"Shading Mode"},"sceneLighting":false,"audioPlay":false,"sceneViewState":{"showFog":true,"showMaterialUpdate":false,"showSkybox":false,"showFlares":true,"showImageEffects":true,"showParticleSystems":true},"in2DMode":false,"pivot":{"x":0.0,"y":1.5002796649932862,"z":-2.999772071838379},"rotation":{"x":-0.04970904067158699,"y":0.059298500418663028,"z":-0.0029551589395850899,"w":-0.9971246123313904},"size":3.3911876678466799,"orthographic":false}